,StateName,stateabb,ST_CODE,PC_CODE,bigstate,PCNAME,pc_name_n,m_electors,f_electors,t_electors,m_voters,f_voters,t_voters,year,representation
0,Jammu & Kashmir,JK,S09,0,2.0,,,,,,,,,,
1,Andhra Pradesh,AP,S01,1,1.0,Adilabad,Adilabad,687421.0,698717.0,1386282.0,518481.0,525482.0,1043965.0,2014.0,1.0
2,Andhra Pradesh,AP,S01,2,1.0,Peddapalle,Peddapalle,725765.0,699474.0,1425355.0,520741.0,500992.0,1021747.0,2014.0,1.0
3,Andhra Pradesh,AP,S01,3,1.0,Karimnagar,Karimnagar,777440.0,773291.0,1550810.0,550760.0,569382.0,1120142.0,2014.0,0.0
4,Andhra Pradesh,AP,S01,4,1.0,Nizamabad,Nizamabad,724523.0,771586.0,1496193.0,467172.0,559329.0,1026505.0,2014.0,1.0
5,Andhra Pradesh,AP,S01,5,1.0,Zahirabad,Zahirabad,717891.0,727389.0,1445354.0,546010.0,546798.0,1092808.0,2014.0,1.0
6,Andhra Pradesh,AP,S01,6,1.0,Medak,Medak,775560.0,760532.0,1536166.0,605044.0,583040.0,1188084.0,2014.0,0.0
7,Andhra Pradesh,AP,S01,7,1.0,Malkajgiri,Malkajgiri,1723261.0,1459417.0,3183083.0,877156.0,741285.0,1618441.0,2014.0,0.0
8,Andhra Pradesh,AP,S01,8,1.0,Secundrabad,Secunderabad,1012740.0,880779.0,1893741.0,546289.0,457397.0,1003689.0,2014.0,0.0
9,Andhra Pradesh,AP,S01,9,1.0,Hyderabad,Hyderabad,960480.0,862516.0,1823217.0,525811.0,445415.0,971226.0,2014.0,0.0
10,Andhra Pradesh,AP,S01,10,1.0,CHELVELLA,Chevella,1153061.0,1031897.0,2185164.0,695012.0,617108.0,1312120.0,2014.0,0.0
11,Andhra Pradesh,AP,S01,11,1.0,Mahbubnagar ,Mahbubnagar,713064.0,705447.0,1418668.0,509912.0,499391.0,1009304.0,2014.0,1.0
12,Andhra Pradesh,AP,S01,12,1.0,Nagarkurnool ,Nagarkurnool,745050.0,732104.0,1477305.0,569056.0,537781.0,1106865.0,2014.0,1.0
13,Andhra Pradesh,AP,S01,13,1.0,Nalgonda,Nalgonda,746042.0,748256.0,1494343.0,597237.0,583448.0,1180687.0,2014.0,1.0
14,Andhra Pradesh,AP,S01,14,1.0,Bhongir,Bhongir,756965.0,735217.0,1492240.0,620408.0,588076.0,1208493.0,2014.0,1.0
15,Andhra Pradesh,AP,S01,15,1.0,Warangal,Warangal,771760.0,765862.0,1537778.0,590443.0,580206.0,1170723.0,2014.0,0.0
16,Andhra Pradesh,AP,S01,16,1.0,Mahabubabad,Mahabubabad,688341.0,698868.0,1387288.0,560443.0,560406.0,1120853.0,2014.0,1.0
17,Andhra Pradesh,AP,S01,17,1.0,Khammam,Khammam,712310.0,727861.0,1440267.0,586887.0,592349.0,1179236.0,2014.0,1.0
18,Andhra Pradesh,AP,S01,18,1.0,Aruku,Araku,622101.0,650158.0,1272340.0,450038.0,456802.0,906864.0,2014.0,1.0
19,Andhra Pradesh,AP,S01,19,1.0,Srikakulam,Srikakulam,706347.0,707248.0,1413726.0,503114.0,543763.0,1046877.0,2014.0,1.0
20,Andhra Pradesh,AP,S01,20,1.0,Vizianagaram ,Vizianagaram,700639.0,702984.0,1403736.0,554616.0,564891.0,1119507.0,2014.0,1.0
21,Andhra Pradesh,AP,S01,21,1.0,Visakhapatnam,Visakhapatnam,874909.0,847941.0,1723011.0,583232.0,576946.0,1160178.0,2014.0,0.0
22,Andhra Pradesh,AP,S01,22,1.0,Anakapalli,Anakapalli,689109.0,712301.0,1401474.0,561825.0,582294.0,1144120.0,2014.0,1.0
23,Andhra Pradesh,AP,S01,23,1.0,Kakinada,Kakinada,709103.0,709050.0,1418290.0,555263.0,538635.0,1093933.0,2014.0,1.0
24,Andhra Pradesh,AP,S01,24,1.0,Amalapuram,Amlapuram,682606.0,675208.0,1357865.0,565013.0,548900.0,1113914.0,2014.0,1.0
25,Andhra Pradesh,AP,S01,25,1.0,Rajahmundry,Rajahmundry,707152.0,714021.0,1421276.0,575432.0,574132.0,1149575.0,2014.0,1.0
26,Andhra Pradesh,AP,S01,26,1.0,Narsapuram,Narsapuram,652598.0,672304.0,1325028.0,536507.0,546670.0,1083177.0,2014.0,1.0
27,Andhra Pradesh,AP,S01,27,1.0,Eluru,Eluru,706952.0,720738.0,1427764.0,600526.0,594189.0,1194720.0,2014.0,1.0
28,Andhra Pradesh,AP,S01,28,1.0,Machilipatnam,Machilipatnam,675783.0,693423.0,1369311.0,564406.0,569695.0,1134104.0,2014.0,1.0
29,Andhra Pradesh,AP,S01,29,1.0,Vijayawada,Vijayawada,781179.0,783169.0,1564513.0,599506.0,589998.0,1189514.0,2014.0,0.0
30,Andhra Pradesh,AP,S01,30,1.0,Guntur,Guntur,773037.0,798804.0,1572017.0,613894.0,623668.0,1237579.0,2014.0,0.0
31,Andhra Pradesh,AP,S01,31,1.0,Narasaraopet,Narasaraopet,748474.0,766262.0,1514861.0,635270.0,640887.0,1276157.0,2014.0,1.0
32,Andhra Pradesh,AP,S01,32,1.0,Bapatla,Bapatla,686494.0,706353.0,1392964.0,583921.0,594010.0,1177932.0,2014.0,1.0
33,Andhra Pradesh,AP,S01,33,1.0,Ongole,Ongole,736216.0,733891.0,1470212.0,597957.0,599889.0,1197855.0,2014.0,1.0
34,Andhra Pradesh,AP,S01,34,1.0,Nandyal,Nandyal,783126.0,793585.0,1576945.0,601303.0,599288.0,1200607.0,2014.0,0.0
35,Andhra Pradesh,AP,S01,35,1.0,Kurnool,Kurnool,738832.0,742805.0,1481791.0,543424.0,519253.0,1062680.0,2014.0,1.0
36,Andhra Pradesh,AP,S01,36,1.0,Anantapur,Anantapur,775506.0,761243.0,1536894.0,612936.0,592912.0,1205849.0,2014.0,0.0
37,Andhra Pradesh,AP,S01,37,1.0,Hindupur,Hindupur,734674.0,711755.0,1446496.0,598591.0,572192.0,1170783.0,2014.0,1.0
38,Andhra Pradesh,AP,S01,38,1.0,Kadapa,Kadapa,764947.0,785380.0,1550440.0,583320.0,606195.0,1189516.0,2014.0,0.0
39,Andhra Pradesh,AP,S01,39,1.0,Nellore,Nellore,796823.0,809115.0,1606127.0,589353.0,590606.0,1179968.0,2014.0,0.0
40,Andhra Pradesh,AP,S01,40,1.0,Tirupati,Tirupati,778507.0,795485.0,1574161.0,602087.0,605328.0,1207418.0,2014.0,0.0
41,Andhra Pradesh,AP,S01,41,1.0,Rajampet,Rajampet,735613.0,752029.0,1487791.0,570991.0,582836.0,1153835.0,2014.0,1.0
42,Andhra Pradesh,AP,S01,42,1.0,Chittoor,Chittoor,723865.0,727853.0,1451851.0,595000.0,597153.0,1192153.0,2014.0,1.0
43,Arunachal Pradesh,AR,S02,1,2.0,ARUNACHAL WEST,Arunachal West,219415.0,227225.0,446640.0,155623.0,170663.0,326286.0,2014.0,1.0
44,Arunachal Pradesh,AR,S02,2,2.0,ARUNACHAL EAST,Arunachal East,160151.0,152553.0,312704.0,126888.0,128574.0,255462.0,2014.0,1.0
45,Assam,AS,S03,1,1.0,Karimganj,Karimganj,615198.0,550799.0,1165997.0,481673.0,404641.0,886314.0,2014.0,1.0
46,Assam,AS,S03,2,1.0,Silchar,Silchar,554540.0,505558.0,1060175.0,428972.0,370918.0,799890.0,2014.0,1.0
47,Assam,AS,S03,3,1.0,Autonomous District,Autonomous District,359058.0,343172.0,702230.0,279451.0,263869.0,543320.0,2014.0,1.0
48,Assam,AS,S03,4,1.0,Dhubri,Dhubri,797235.0,752931.0,1550166.0,709038.0,660085.0,1369123.0,2014.0,0.0
49,Assam,AS,S03,5,1.0,Kokrajhar,Kokrajhar,776151.0,729307.0,1505472.0,636473.0,587031.0,1223504.0,2014.0,1.0
50,Assam,AS,S03,6,1.0,Barpeta,Barpeta,755566.0,674622.0,1430188.0,634466.0,571414.0,1205880.0,2014.0,1.0
51,Assam,AS,S03,7,1.0,Gauhati,Guwahati,988067.0,934203.0,1922270.0,784535.0,727081.0,1511616.0,2014.0,0.0
52,Assam,AS,S03,8,1.0,Mangaldoi,Mangaldoi,791539.0,724137.0,1515676.0,651247.0,581802.0,1233049.0,2014.0,1.0
53,Assam,AS,S03,9,1.0,Tezpur,Tezpur,654866.0,604702.0,1259568.0,505481.0,475043.0,980524.0,2014.0,1.0
54,Assam,AS,S03,10,1.0,Nowgong,Nagaon,792425.0,731446.0,1523881.0,639499.0,590545.0,1230044.0,2014.0,1.0
55,Assam,AS,S03,11,1.0,Kaliabor,Kaliabor,752695.0,704524.0,1457219.0,605354.0,561208.0,1166562.0,2014.0,1.0
56,Assam,AS,S03,12,1.0,Jorhat,Jorhat,611283.0,578203.0,1189486.0,483784.0,447088.0,930872.0,2014.0,1.0
57,Assam,AS,S03,13,1.0,Dibrugarh,Dibrugarh,579658.0,544647.0,1124305.0,462187.0,428637.0,890824.0,2014.0,1.0
58,Assam,AS,S03,14,1.0,Lakhimpur,Lakhimpur,735340.0,695740.0,1431080.0,572467.0,539555.0,1112022.0,2014.0,1.0
59,Bihar,BH,S04,1,1.0,Valmiki Nagar ,Valmiki Nagar,786312.0,670236.0,1456598.0,484433.0,415396.0,899838.0,2014.0,1.0
60,Bihar,BH,S04,2,1.0,Paschim Champaran,Pashchim Champaran,769411.0,643703.0,1413148.0,469048.0,385593.0,854641.0,2014.0,1.0
61,Bihar,BH,S04,3,1.0,Purvi Champaran,Purba Champaran,779657.0,659560.0,1439253.0,442071.0,380577.0,822648.0,2014.0,1.0
62,Bihar,BH,S04,4,1.0,Sheohar,Sheohar,792374.0,693355.0,1485801.0,433327.0,409336.0,842663.0,2014.0,1.0
63,Bihar,BH,S04,5,1.0,Sitamarhi,Sitamarhi,832370.0,742498.0,1574914.0,448849.0,451628.0,900477.0,2014.0,0.0
64,Bihar,BH,S04,6,1.0,Madhubani,Madhubani,878017.0,749809.0,1627832.0,413708.0,446640.0,860348.0,2014.0,0.0
65,Bihar,BH,S04,7,1.0,Jhanjharpur,Jhanjharpur,895570.0,772835.0,1668405.0,450499.0,490640.0,941139.0,2014.0,0.0
66,Bihar,BH,S04,8,1.0,Supaul,Supaul,797373.0,728185.0,1525583.0,468476.0,502044.0,970520.0,2014.0,1.0
67,Bihar,BH,S04,9,1.0,Araria,Araria,843076.0,744212.0,1587332.0,492513.0,483291.0,975804.0,2014.0,0.0
68,Bihar,BH,S04,10,1.0,Kishanganj,Kishanganj,762874.0,676103.0,1438990.0,471096.0,457126.0,928222.0,2014.0,1.0
69,Bihar,BH,S04,11,1.0,Katihar,Katihar,769044.0,677392.0,1446478.0,495600.0,481934.0,977534.0,2014.0,1.0
70,Bihar,BH,S04,12,1.0,Purnia,Purnia,826834.0,755758.0,1582626.0,511262.0,506106.0,1017368.0,2014.0,0.0
71,Bihar,BH,S04,13,1.0,Madhepura,Madhepura,899152.0,826507.0,1725693.0,508782.0,525869.0,1034651.0,2014.0,0.0
72,Bihar,BH,S04,14,1.0,Darbhanga,Darbhanga,797254.0,698177.0,1495445.0,407516.0,421741.0,829257.0,2014.0,1.0
73,Bihar,BH,S04,15,1.0,Muzaffarpur,Muzaffarpur,830943.0,720390.0,1551363.0,490949.0,457916.0,948865.0,2014.0,0.0
74,Bihar,BH,S04,16,1.0,Vaishali,Vaishali,841773.0,724500.0,1566321.0,480759.0,445167.0,925926.0,2014.0,0.0
75,Bihar,BH,S04,17,1.0,Gopalganj (SC),Gopalganj,871590.0,783212.0,1654838.0,444922.0,458639.0,903561.0,2014.0,0.0
76,Bihar,BH,S04,18,1.0,Siwan,Siwan,841735.0,722100.0,1563860.0,443827.0,440178.0,884005.0,2014.0,0.0
77,Bihar,BH,S04,19,1.0,Maharajganj,Maharajganj,874822.0,767218.0,1642068.0,420232.0,426095.0,846327.0,2014.0,0.0
78,Bihar,BH,S04,20,1.0,Saran,Saran (Chhapra),832441.0,706266.0,1538740.0,450511.0,411954.0,862465.0,2014.0,0.0
79,Bihar,BH,S04,21,1.0,Hajipur (SC),Hajipur,895047.0,754452.0,1649547.0,478157.0,425876.0,904033.0,2014.0,0.0
80,Bihar,BH,S04,22,1.0,Ujiarpur,Ujiapur,764186.0,662004.0,1426217.0,433858.0,425047.0,858905.0,2014.0,1.0
81,Bihar,BH,S04,23,1.0,Samastipur (SC),Samastipur,802420.0,702007.0,1504451.0,430782.0,432401.0,863183.0,2014.0,1.0
82,Bihar,BH,S04,24,1.0,Begusarai,Begusarai,949825.0,828874.0,1778759.0,545214.0,532151.0,1077365.0,2014.0,0.0
83,Bihar,BH,S04,25,1.0,Khagaria,Khagaria,800786.0,705750.0,1506587.0,445941.0,450160.0,896101.0,2014.0,1.0
84,Bihar,BH,S04,26,1.0,Bhagalpur,Bhagalpur,895185.0,790098.0,1685339.0,522417.0,451535.0,973953.0,2014.0,0.0
85,Bihar,BH,S04,27,1.0,Banka,Banka,824924.0,724490.0,1549456.0,461297.0,438021.0,899318.0,2014.0,0.0
86,Bihar,BH,S04,28,1.0,Munger,Munger,937897.0,782040.0,1719984.0,505931.0,408329.0,914268.0,2014.0,0.0
87,Bihar,BH,S04,29,1.0,Nalanda,Nalanda,1036575.0,915392.0,1951967.0,503039.0,418609.0,921648.0,2014.0,0.0
88,Bihar,BH,S04,30,1.0,Patna Sahib,Patna Sahib,1052278.0,893885.0,1946249.0,510480.0,369747.0,880227.0,2014.0,0.0
89,Bihar,BH,S04,31,1.0,Pataliputra,Pataliputra,934086.0,801923.0,1736074.0,553018.0,423797.0,976815.0,2014.0,0.0
90,Bihar,BH,S04,32,1.0,Arrah,Arrah,1016299.0,808210.0,1824515.0,517499.0,375555.0,893054.0,2014.0,0.0
91,Bihar,BH,S04,33,1.0,Buxar,Buxar,877699.0,762929.0,1640671.0,494435.0,394512.0,888947.0,2014.0,0.0
92,Bihar,BH,S04,34,1.0,Sasaram (SC) ,Sasaram,859397.0,748291.0,1607747.0,448672.0,397016.0,845688.0,2014.0,0.0
93,Bihar,BH,S04,35,1.0,Karakat,Karakat,849474.0,730224.0,1580558.0,457406.0,332394.0,789800.0,2014.0,0.0
94,Bihar,BH,S04,36,1.0,Jahanabad,Jahanabad,751585.0,671629.0,1423246.0,445501.0,365502.0,811003.0,2014.0,1.0
95,Bihar,BH,S04,37,1.0,Aurangabad,Aurangabad,825574.0,710533.0,1536153.0,429944.0,355719.0,785663.0,2014.0,0.0
96,Bihar,BH,S04,38,1.0,Gaya (SC),Gaya,799210.0,702311.0,1501521.0,442912.0,364010.0,806922.0,2014.0,1.0
97,Bihar,BH,S04,39,1.0,Nawada,Nawada,897821.0,797019.0,1694895.0,478247.0,406136.0,884383.0,2014.0,0.0
98,Bihar,BH,S04,40,1.0,Jamui (SC),Jamui,828406.0,722499.0,1550936.0,415589.0,360008.0,775597.0,2014.0,0.0
99,Goa,GA,S05,1,2.0,North Goa,North Goa,255870.0,259571.0,515441.0,199489.0,205701.0,405190.0,2014.0,1.0
100,Goa,GA,S05,2,2.0,South Goa,South Goa,272438.0,272898.0,545336.0,195128.0,214329.0,409457.0,2014.0,1.0
101,Gujarat,GJ,S06,1,1.0,Kachchh,Kachchh,806343.0,727439.0,1533782.0,519100.0,423463.0,942563.0,2014.0,1.0
102,Gujarat,GJ,S06,2,1.0,Banaskantha,Banas Kantha,796124.0,719587.0,1515711.0,511698.0,371518.0,883216.0,2014.0,1.0
103,Gujarat,GJ,S06,3,1.0,Patan,Patan,846195.0,782446.0,1628641.0,525799.0,423880.0,949679.0,2014.0,0.0
104,Gujarat,GJ,S06,4,1.0,Mahesana,Mahesana,777821.0,720375.0,1498219.0,541116.0,456612.0,997735.0,2014.0,1.0
105,Gujarat,GJ,S06,5,1.0,Sabarkantha,Sabar Kantha,833521.0,782318.0,1615840.0,583583.0,502387.0,1085970.0,2014.0,0.0
106,Gujarat,GJ,S06,6,1.0,Gandhinagar,Gandhinagar,900744.0,833210.0,1733972.0,617164.0,511490.0,1128656.0,2014.0,0.0
107,Gujarat,GJ,S06,7,1.0,Ahmedabad East,Ahmadabad (East),852765.0,749057.0,1601832.0,557279.0,422980.0,980265.0,2014.0,0.0
108,Gujarat,GJ,S06,8,1.0,Ahmedabad West,Ahmadabad (West),800933.0,733462.0,1534400.0,531702.0,428771.0,960475.0,2014.0,1.0
109,Gujarat,GJ,S06,9,1.0,Surendranagar,Surendranagar,877745.0,778910.0,1656657.0,539246.0,399328.0,938575.0,2014.0,0.0
110,Gujarat,GJ,S06,10,1.0,Rajkot,Rajkot,864760.0,790949.0,1655717.0,590854.0,461740.0,1052595.0,2014.0,0.0
111,Gujarat,GJ,S06,11,1.0,Porbandar,Porbandar,807383.0,731833.0,1539223.0,468592.0,335821.0,804415.0,2014.0,0.0
112,Gujarat,GJ,S06,12,1.0,Jamnagar,Jamnagar,771003.0,699937.0,1470952.0,484080.0,364974.0,849055.0,2014.0,1.0
113,Gujarat,GJ,S06,13,1.0,Junagadh,Junagadh,772017.0,713524.0,1485543.0,513928.0,423553.0,937481.0,2014.0,1.0
114,Gujarat,GJ,S06,14,1.0,Amreli,Amreli,777662.0,708624.0,1486286.0,455668.0,349837.0,805505.0,2014.0,1.0
115,Gujarat,GJ,S06,15,1.0,Bhavnagar,Bhavnagar,834571.0,759936.0,1594531.0,516968.0,396013.0,912992.0,2014.0,0.0
116,Gujarat,GJ,S06,16,1.0,Anand,Anand,781118.0,715737.0,1496859.0,539236.0,427943.0,967179.0,2014.0,1.0
117,Gujarat,GJ,S06,17,1.0,Kheda,Kheda,833232.0,766227.0,1599476.0,540239.0,411083.0,951323.0,2014.0,0.0
118,Gujarat,GJ,S06,18,1.0,Panchmahal,Panch Mahals,820230.0,756434.0,1576667.0,512435.0,414555.0,926990.0,2014.0,0.0
119,Gujarat,GJ,S06,19,1.0,Dahod,Dohad,712183.0,699578.0,1411765.0,466791.0,428519.0,895311.0,2014.0,1.0
120,Gujarat,GJ,S06,20,1.0,Vadodara,Vadodara,849077.0,789218.0,1638321.0,621926.0,533715.0,1155656.0,2014.0,0.0
121,Gujarat,GJ,S06,21,1.0,Chhota Udaipur,Chhota Udaipur,798160.0,738143.0,1536305.0,590131.0,504411.0,1094542.0,2014.0,0.0
122,Gujarat,GJ,S06,22,1.0,Bharuch,Bharuch,734862.0,682658.0,1417548.0,562549.0,493760.0,1056319.0,2014.0,1.0
123,Gujarat,GJ,S06,23,1.0,Bardoli,Bardoli,829648.0,784448.0,1614106.0,636398.0,567973.0,1204371.0,2014.0,0.0
124,Gujarat,GJ,S06,24,1.0,Surat,Surat,803829.0,680212.0,1484068.0,538576.0,407928.0,946507.0,2014.0,1.0
125,Gujarat,GJ,S06,25,1.0,Navsari,Navsari,972090.0,792480.0,1764622.0,644265.0,512736.0,1157014.0,2014.0,0.0
126,Gujarat,GJ,S06,26,1.0,Valsad,Valsad,775073.0,736988.0,1512061.0,580599.0,538185.0,1118784.0,2014.0,1.0
127,Haryana,HR,S07,1,1.0,Ambala,Ambala,909641.0,782783.0,1692424.0,667712.0,551882.0,1219594.0,2014.0,0.0
128,Haryana,HR,S07,2,1.0,Kurukshetra,Krukshetra,807700.0,690759.0,1498459.0,618481.0,517170.0,1135651.0,2014.0,1.0
129,Haryana,HR,S07,3,1.0,Sirsa,Sirsa,886303.0,774254.0,1660557.0,692765.0,586098.0,1278863.0,2014.0,0.0
130,Haryana,HR,S07,4,1.0,Hisar,Hisar,825688.0,691918.0,1517606.0,637448.0,518049.0,1155497.0,2014.0,1.0
131,Haryana,HR,S07,5,1.0,Karnal,Karnal,913321.0,771000.0,1684321.0,666729.0,526629.0,1193358.0,2014.0,0.0
132,Haryana,HR,S07,6,1.0,Sonipat,Sonipat,777824.0,639364.0,1417188.0,551189.0,434412.0,985601.0,2014.0,1.0
133,Haryana,HR,S07,7,1.0,Rohtak,Rohtak,850127.0,717381.0,1567508.0,578206.0,465772.0,1043978.0,2014.0,0.0
134,Haryana,HR,S07,8,1.0,Bhiwani-Mahendragarh,Bhiwani - Mahendragarh,792166.0,681746.0,1473912.0,559428.0,470289.0,1029717.0,2014.0,1.0
135,Haryana,HR,S07,9,1.0,Gurgaon,Gurgaon,984370.0,860536.0,1844906.0,727100.0,593187.0,1320287.0,2014.0,0.0
136,Haryana,HR,S07,10,1.0,Faridabad,Faridabad,969407.0,770945.0,1740352.0,651241.0,479430.0,1130671.0,2014.0,0.0
137,Himachal Pradesh,HP,S08,1,2.0,Kangra,Kangra,645888.0,612713.0,1258601.0,389575.0,408414.0,797989.0,2014.0,1.0
138,Himachal Pradesh,HP,S08,2,2.0,Mandi,Mandi,587833.0,562575.0,1150408.0,377093.0,347977.0,725070.0,2014.0,1.0
139,Himachal Pradesh,HP,S08,3,2.0,Hamirpur,Hamirpur,633572.0,614126.0,1247699.0,394620.0,438467.0,833087.0,2014.0,1.0
140,Himachal Pradesh,HP,S08,4,2.0,Shimla,Shimla,607137.0,546225.0,1153363.0,403062.0,333715.0,736777.0,2014.0,1.0
141,Jammu & Kashmir,JK,S09,1,2.0,Baramulla,Baramula,624014.0,566724.0,1190766.0,256288.0,209691.0,465979.0,2014.0,1.0
142,Jammu & Kashmir,JK,S09,2,2.0,Srinagar,Srinagar,631520.0,575702.0,1207230.0,178779.0,133429.0,312208.0,2014.0,1.0
143,Jammu & Kashmir,JK,S09,3,2.0,Anantnag,Anantnag,685000.0,616104.0,1301143.0,211595.0,163643.0,375238.0,2014.0,1.0
144,Jammu & Kashmir,JK,S09,4,2.0,Ladakh,Leh (Ladakh),86256.0,80503.0,166763.0,57162.0,60002.0,117164.0,2014.0,1.0
145,Jammu & Kashmir,JK,S09,5,2.0,Udhampur,Udhampur,787637.0,681434.0,1469072.0,556791.0,484338.0,1041130.0,2014.0,1.0
146,Jammu & Kashmir,JK,S09,6,2.0,Jammu,Jammu,977308.0,870834.0,1848155.0,665098.0,587601.0,1252699.0,2014.0,0.0
147,Karnataka,KA,S10,1,1.0,Chikkodi,Chikkodi,746023.0,696120.0,1442206.0,564052.0,506614.0,1070668.0,2014.0,1.0
148,Karnataka,KA,S10,2,1.0,Belgaum,Belgaum,807485.0,773259.0,1580895.0,569642.0,508074.0,1077716.0,2014.0,0.0
149,Karnataka,KA,S10,3,1.0,Bagalkot,Bagalkot,793354.0,775172.0,1568633.0,561494.0,517311.0,1078805.0,2014.0,0.0
150,Karnataka,KA,S10,4,1.0,Bijapur,Bijapur,847815.0,774643.0,1622635.0,521090.0,445637.0,966734.0,2014.0,0.0
151,Karnataka,KA,S10,5,1.0,Gulbarga,Gulbarga,878311.0,843454.0,1721990.0,522778.0,474347.0,997125.0,2014.0,0.0
152,Karnataka,KA,S10,6,1.0,Raichur,Raichur,835969.0,825327.0,1661606.0,501122.0,467391.0,968513.0,2014.0,0.0
153,Karnataka,KA,S10,7,1.0,Bidar,Bidar,839154.0,761738.0,1600962.0,508036.0,454615.0,962652.0,2014.0,0.0
154,Karnataka,KA,S10,8,1.0,Koppal,Koppal,770316.0,764694.0,1535105.0,526117.0,480597.0,1006716.0,2014.0,1.0
155,Karnataka,KA,S10,9,1.0,Bellary,Bellary,750789.0,737003.0,1487945.0,541905.0,503534.0,1045448.0,2014.0,1.0
156,Karnataka,KA,S10,10,1.0,Haveri,Haveri,807076.0,751596.0,1558749.0,594946.0,520512.0,1115458.0,2014.0,0.0
157,Karnataka,KA,S10,11,1.0,Dharwad,Dharwad,808768.0,769269.0,1578125.0,562867.0,477563.0,1040430.0,2014.0,0.0
158,Karnataka,KA,S10,12,1.0,Uttara Kannada,Uttara Kannada,742865.0,707704.0,1450599.0,521220.0,479217.0,1000437.0,2014.0,1.0
159,Karnataka,KA,S10,13,1.0,Davanagere,Davanagere,772126.0,750480.0,1522712.0,581109.0,533385.0,1114494.0,2014.0,1.0
160,Karnataka,KA,S10,14,1.0,Shimoga,Shimoga,778782.0,783379.0,1562243.0,572307.0,556790.0,1129107.0,2014.0,0.0
161,Karnataka,KA,S10,15,1.0,Udupi Chikmagalur,Udupi Chikmagalur,679285.0,707947.0,1387294.0,510562.0,522488.0,1033051.0,2014.0,1.0
162,Karnataka,KA,S10,16,1.0,Hassan,Hassan,789847.0,771551.0,1561486.0,585749.0,560755.0,1146508.0,2014.0,0.0
163,Karnataka,KA,S10,17,1.0,Dakshina Kannada,Dakshina Kannada,774454.0,790765.0,1565219.0,595446.0,611674.0,1207120.0,2014.0,0.0
164,Karnataka,KA,S10,18,1.0,Chitradurga,Chitradurga,844869.0,816317.0,1661277.0,572567.0,524303.0,1096871.0,2014.0,0.0
165,Karnataka,KA,S10,19,1.0,Tumkur,Tumkur,764561.0,753839.0,1518518.0,565126.0,535597.0,1100735.0,2014.0,1.0
166,Karnataka,KA,S10,20,1.0,Mandya,Mandya,839052.0,830121.0,1669262.0,604491.0,587306.0,1191805.0,2014.0,0.0
167,Karnataka,KA,S10,21,1.0,Mysore,Mysore,867893.0,855100.0,1723134.0,596311.0,561022.0,1157346.0,2014.0,0.0
168,Karnataka,KA,S10,22,1.0,Chamarajanagar,Chamrajnagar,789384.0,766336.0,1555781.0,585063.0,547426.0,1132497.0,2014.0,0.0
169,Karnataka,KA,S10,23,1.0,Bangalore Rural,Bangalore Rural,1135853.0,1054284.0,2190398.0,758651.0,696340.0,1455003.0,2014.0,0.0
170,Karnataka,KA,S10,24,1.0,Bangalore North,Bangalore North,1260356.0,1140751.0,2401472.0,720898.0,634569.0,1355485.0,2014.0,0.0
171,Karnataka,KA,S10,25,1.0,Bangalore central,Bangalore Central,1010478.0,920679.0,1931456.0,573657.0,500273.0,1073957.0,2014.0,0.0
172,Karnataka,KA,S10,26,1.0,Bangalore South,Bangalore South,1050737.0,947667.0,1998724.0,596688.0,516207.0,1112914.0,2014.0,0.0
173,Karnataka,KA,S10,27,1.0,Chikkballapur ,Chikkaballapura,843790.0,814500.0,1658410.0,652727.0,608718.0,1261451.0,2014.0,0.0
174,Karnataka,KA,S10,28,1.0,Kolar,Kolar,755450.0,737386.0,1492977.0,581924.0,544042.0,1125973.0,2014.0,1.0
175,Kerala,KL,S11,1,1.0,Kasaragod,Kasaragod,595047.0,648683.0,1243730.0,459280.0,514333.0,973613.0,2014.0,1.0
176,Kerala,KL,S11,2,1.0,Kannur,Kannur,548454.0,621812.0,1170266.0,438891.0,506993.0,945884.0,2014.0,1.0
177,Kerala,KL,S11,3,1.0,Vadakara,Vadakara,561168.0,621336.0,1182504.0,436972.0,520810.0,957782.0,2014.0,1.0
178,Kerala,KL,S11,4,1.0,Wayanad,Wayanad,614822.0,634598.0,1249420.0,454055.0,460171.0,914226.0,2014.0,1.0
179,Kerala,KL,S11,5,1.0,Kozhikode,Kozhikode,571709.0,610775.0,1182484.0,456299.0,484028.0,940327.0,2014.0,1.0
180,Kerala,KL,S11,6,1.0,Malappuram,Malappuram,598207.0,600237.0,1198444.0,415672.0,437264.0,852936.0,2014.0,1.0
181,Kerala,KL,S11,7,1.0,Ponnani,Ponnani,574106.0,606683.0,1180789.0,405012.0,466307.0,871319.0,2014.0,1.0
182,Kerala,KL,S11,8,1.0,Palakkad,Palakkad,587366.0,621360.0,1208726.0,444249.0,465167.0,909416.0,2014.0,1.0
183,Kerala,KL,S11,9,1.0,Alathur,Alathur,591950.0,624401.0,1216351.0,452923.0,474384.0,927307.0,2014.0,1.0
184,Kerala,KL,S11,10,1.0,Thrissur,Thrissur,606518.0,668770.0,1275288.0,433933.0,485624.0,919557.0,2014.0,1.0
185,Kerala,KL,S11,11,1.0,Chalakudy,Chalakudy,565083.0,585414.0,1150497.0,437197.0,446915.0,884112.0,2014.0,1.0
186,Kerala,KL,S11,12,1.0,Ernakulam,Ernakulam,565836.0,590656.0,1156492.0,428604.0,421361.0,849965.0,2014.0,1.0
187,Kerala,KL,S11,13,1.0,Idukki,Idukki,578849.0,579886.0,1158735.0,424879.0,394103.0,818982.0,2014.0,1.0
188,Kerala,KL,S11,14,1.0,Kottayam,Kottayam,573572.0,587893.0,1161465.0,426604.0,404356.0,830960.0,2014.0,1.0
189,Kerala,KL,S11,15,1.0,Alappuzha,Alappuzha,611877.0,659447.0,1271324.0,477034.0,517975.0,995009.0,2014.0,1.0
190,Kerala,KL,S11,16,1.0,Mavelikkara,Mavelikkara,592702.0,659966.0,1252668.0,416193.0,470987.0,887180.0,2014.0,1.0
191,Kerala,KL,S11,17,1.0,Pathanamthitta,Pathanamthitta,631495.0,692411.0,1323906.0,425887.0,444099.0,869986.0,2014.0,1.0
192,Kerala,KL,S11,18,1.0,Kollam,Kollam,575296.0,644119.0,1219415.0,406898.0,469024.0,875922.0,2014.0,1.0
193,Kerala,KL,S11,19,1.0,Attingal,Attingal,575780.0,675618.0,1251398.0,394491.0,462016.0,856507.0,2014.0,1.0
194,Kerala,KL,S11,20,1.0,Thiruvananthapuram,Thiruvananthapuram,614438.0,658310.0,1272748.0,433243.0,437404.0,870647.0,2014.0,1.0
195,Madhya Pradesh,MP,S12,1,1.0,MORENA,Morena,938787.0,763635.0,1702457.0,538721.0,315516.0,854238.0,2014.0,0.0
196,Madhya Pradesh,MP,S12,2,1.0,BHIND,Bhind,892173.0,707938.0,1600137.0,469662.0,259501.0,729163.0,2014.0,0.0
197,Madhya Pradesh,MP,S12,3,1.0,GWALIOR,Gwalior,1023937.0,852908.0,1876965.0,594606.0,395609.0,990230.0,2014.0,0.0
198,Madhya Pradesh,MP,S12,4,1.0,GUNA,Guna,857327.0,748265.0,1605613.0,580802.0,394613.0,975415.0,2014.0,0.0
199,Madhya Pradesh,MP,S12,5,1.0,SAGAR,Sagar,815511.0,704754.0,1520322.0,536897.0,354866.0,891772.0,2014.0,1.0
200,Madhya Pradesh,MP,S12,6,1.0,TIKAMGARH,Tikamgarh,820670.0,708167.0,1528863.0,466852.0,299542.0,766398.0,2014.0,1.0
201,Madhya Pradesh,MP,S12,7,1.0,DAMOH,Damoh,882818.0,768760.0,1651614.0,558821.0,354514.0,913336.0,2014.0,0.0
202,Madhya Pradesh,MP,S12,8,1.0,KHAJURAHO,Khajuraho,907340.0,795472.0,1702833.0,517233.0,357041.0,874283.0,2014.0,0.0
203,Madhya Pradesh,MP,S12,9,1.0,SATNA,Satna,772234.0,686123.0,1458381.0,499873.0,413407.0,913280.0,2014.0,1.0
204,Madhya Pradesh,MP,S12,10,1.0,REWA,Rewa,821800.0,722919.0,1544719.0,457628.0,372259.0,829887.0,2014.0,0.0
205,Madhya Pradesh,MP,S12,11,1.0,SIDHI,Sidhi,915799.0,820208.0,1736048.0,547499.0,441120.0,988619.0,2014.0,0.0
206,Madhya Pradesh,MP,S12,12,1.0,SHAHDOL,Shahdol,806746.0,754219.0,1561016.0,527809.0,440179.0,967988.0,2014.0,0.0
207,Madhya Pradesh,MP,S12,13,1.0,JABALPUR,Jabalpur,898045.0,813502.0,1711621.0,558905.0,443227.0,1002132.0,2014.0,0.0
208,Madhya Pradesh,MP,S12,14,1.0,MANDLA,Mandla,926166.0,898514.0,1824702.0,641219.0,575693.0,1216914.0,2014.0,0.0
209,Madhya Pradesh,MP,S12,15,1.0,BALAGHAT,Balaghat,822670.0,807049.0,1629741.0,570388.0,540968.0,1111356.0,2014.0,0.0
210,Madhya Pradesh,MP,S12,16,1.0,CHHINDWARA,Chhindwara,722052.0,679956.0,1402038.0,584697.0,522618.0,1107315.0,2014.0,1.0
211,Madhya Pradesh,MP,S12,17,1.0,HOSHANGABAD,Hoshangabad,835566.0,732614.0,1568206.0,593375.0,436990.0,1030365.0,2014.0,0.0
212,Madhya Pradesh,MP,S12,18,1.0,VIDISHA,Vidisha,872100.0,761915.0,1634039.0,619102.0,453345.0,1072447.0,2014.0,0.0
213,Madhya Pradesh,MP,S12,19,1.0,BHOPAL,Bhopal,1039153.0,918021.0,1957241.0,639634.0,490428.0,1130069.0,2014.0,0.0
214,Madhya Pradesh,MP,S12,20,1.0,RAJGARH,Rajgarh,827021.0,751717.0,1578757.0,597753.0,412196.0,1009952.0,2014.0,0.0
215,Madhya Pradesh,MP,S12,21,1.0,DEWAS,Dewas,843528.0,773563.0,1617111.0,653540.0,489442.0,1142982.0,2014.0,0.0
216,Madhya Pradesh,MP,S12,22,1.0,UJJAIN,Ujjain,790889.0,734560.0,1525481.0,571019.0,444831.0,1015857.0,2014.0,1.0
217,Madhya Pradesh,MP,S12,23,1.0,MANDSOUR,Mandsaur,838141.0,788383.0,1626556.0,639978.0,520386.0,1160374.0,2014.0,0.0
218,Madhya Pradesh,MP,S12,24,1.0,RATLAM,Ratlam,860924.0,841625.0,1702576.0,569214.0,511452.0,1080666.0,2014.0,0.0
219,Madhya Pradesh,MP,S12,25,1.0,DHAR,Dhar,858093.0,810302.0,1668441.0,586698.0,489232.0,1075930.0,2014.0,0.0
220,Madhya Pradesh,MP,S12,26,1.0,INDORE,Indore,1106595.0,1008635.0,2115303.0,736204.0,579670.0,1315896.0,2014.0,0.0
221,Madhya Pradesh,MP,S12,27,1.0,KHARGONE,Khargone,866905.0,836341.0,1703272.0,613926.0,537792.0,1151722.0,2014.0,0.0
222,Madhya Pradesh,MP,S12,28,1.0,KHANDWA,Khandwa,912764.0,846610.0,1759417.0,677300.0,578287.0,1255596.0,2014.0,0.0
223,Madhya Pradesh,MP,S12,29,1.0,BETUL,Betul,836846.0,770954.0,1607831.0,573928.0,473282.0,1047231.0,2014.0,0.0
224,Maharashtra,MH,S13,1,1.0,Nandurbar,Nandurbar,852313.0,820622.0,1672943.0,583431.0,530953.0,1114384.0,2014.0,0.0
225,Maharashtra,MH,S13,2,1.0,Dhule,Dhule,879332.0,796027.0,1675367.0,540775.0,438455.0,979230.0,2014.0,0.0
226,Maharashtra,MH,S13,3,1.0,Jalgaon,Jalgaon,909058.0,798886.0,1707969.0,550503.0,439312.0,989821.0,2014.0,0.0
227,Maharashtra,MH,S13,4,1.0,Raver,Raver,842701.0,750674.0,1593389.0,555229.0,455617.0,1010846.0,2014.0,0.0
228,Maharashtra,MH,S13,5,1.0,Buldhana,Buldana,844789.0,750643.0,1595435.0,535827.0,442565.0,978392.0,2014.0,0.0
229,Maharashtra,MH,S13,6,1.0,Akola,Akola,882014.0,790609.0,1672643.0,543956.0,433633.0,977589.0,2014.0,0.0
230,Maharashtra,MH,S13,7,1.0,Amravati,Amravati,848217.0,764503.0,1612739.0,554649.0,446414.0,1001063.0,2014.0,0.0
231,Maharashtra,MH,S13,8,1.0,Wardha,Wardha,817514.0,747024.0,1564552.0,553504.0,458674.0,1012178.0,2014.0,0.0
232,Maharashtra,MH,S13,9,1.0,Ramtek,Ramtek,887228.0,790024.0,1677266.0,576271.0,473007.0,1049278.0,2014.0,0.0
233,Maharashtra,MH,S13,10,1.0,Nagpur,Nagpur,980485.0,920265.0,1900784.0,578754.0,504850.0,1083604.0,2014.0,0.0
234,Maharashtra,MH,S13,11,1.0,Bhandara - gondiya,Bhandara - Gondiya,841257.0,814592.0,1655852.0,615597.0,580693.0,1196291.0,2014.0,0.0
235,Maharashtra,MH,S13,12,1.0,Gadchiroli-Chimur,Garhchiroli - Chimur,752751.0,715686.0,1468437.0,537674.0,489980.0,1027654.0,2014.0,1.0
236,Maharashtra,MH,S13,13,1.0,Chandrapur,Chandrapur,921095.0,832595.0,1753690.0,602269.0,506480.0,1108749.0,2014.0,0.0
237,Maharashtra,MH,S13,14,1.0,Yavatmal-Washim,Yavatmal - Washim,921276.0,834010.0,1755292.0,564176.0,467163.0,1031339.0,2014.0,0.0
238,Maharashtra,MH,S13,15,1.0,Hingoli,Hingoli,839540.0,746644.0,1586194.0,575663.0,473420.0,1049085.0,2014.0,0.0
239,Maharashtra,MH,S13,16,1.0,Nanded,Nanded,878520.0,808528.0,1687057.0,548032.0,462233.0,1010265.0,2014.0,0.0
240,Maharashtra,MH,S13,17,1.0,Parbhani,Parbhani,945901.0,857880.0,1803792.0,637677.0,523946.0,1161624.0,2014.0,0.0
241,Maharashtra,MH,S13,18,1.0,Jalna,Jalna,866612.0,745444.0,1612056.0,595979.0,469547.0,1065526.0,2014.0,0.0
242,Maharashtra,MH,S13,19,1.0,Aurangabad,Aurangabad,846011.0,743384.0,1589395.0,554458.0,428022.0,982480.0,2014.0,0.0
243,Maharashtra,MH,S13,20,1.0,Dindori,Dindori,808116.0,722062.0,1530208.0,546617.0,422882.0,969499.0,2014.0,1.0
244,Maharashtra,MH,S13,21,1.0,Nashik,Nashik,850699.0,743058.0,1593774.0,523318.0,412087.0,935405.0,2014.0,0.0
245,Maharashtra,MH,S13,22,1.0,Palghar,Palghar,830398.0,747673.0,1578149.0,531904.0,460337.0,992280.0,2014.0,0.0
246,Maharashtra,MH,S13,23,1.0,Bhiwandi,Biwandi,945521.0,751031.0,1696584.0,502705.0,372339.0,875044.0,2014.0,0.0
247,Maharashtra,MH,S13,24,1.0,Kalyan,Kalyan,1044943.0,876995.0,1922034.0,472077.0,352517.0,824652.0,2014.0,0.0
248,Maharashtra,MH,S13,25,1.0,Thane,Thane,1141737.0,931467.0,2073251.0,590956.0,462684.0,1053658.0,2014.0,0.0
249,Maharashtra,MH,S13,26,1.0,Mumbai North,Mumbai North,972753.0,811110.0,1783870.0,527247.0,418394.0,945642.0,2014.0,0.0
250,Maharashtra,MH,S13,27,1.0,Mumbai North West,Mumbai North-West,986704.0,788712.0,1775416.0,504202.0,393043.0,897245.0,2014.0,0.0
251,Maharashtra,MH,S13,28,1.0,Mumbai North East,Mumbai North-East,923016.0,745254.0,1668357.0,485677.0,375903.0,861638.0,2014.0,0.0
252,Maharashtra,MH,S13,29,1.0,Mumbai North central,Mumbai North-Central,967468.0,769592.0,1737084.0,472010.0,372857.0,844867.0,2014.0,0.0
253,Maharashtra,MH,S13,30,1.0,Mumbai South central,Mumbai South-Central,793802.0,654025.0,1447886.0,424310.0,343790.0,768130.0,2014.0,1.0
254,Maharashtra,MH,S13,31,1.0,Mumbai South,Mumbai South,828962.0,656867.0,1485844.0,436292.0,342366.0,778666.0,2014.0,1.0
255,Maharashtra,MH,S13,32,1.0,Raigad,Raigarh,752491.0,780290.0,1532781.0,485550.0,502232.0,987782.0,2014.0,1.0
256,Maharashtra,MH,S13,33,1.0,Maval,Maval,1035961.0,917770.0,1953741.0,646904.0,527044.0,1173949.0,2014.0,0.0
257,Maharashtra,MH,S13,34,1.0,Pune,Pune,949561.0,886266.0,1835835.0,533792.0,459588.0,993382.0,2014.0,0.0
258,Maharashtra,MH,S13,35,1.0,Baramati,Baramati,960395.0,853153.0,1813553.0,602117.0,463496.0,1065613.0,2014.0,0.0
259,Maharashtra,MH,S13,36,1.0,Shirur,Shirur,973132.0,850960.0,1824112.0,613290.0,475412.0,1088702.0,2014.0,0.0
260,Maharashtra,MH,S13,37,1.0,Ahmadnagar,Ahmadnagar,902928.0,802016.0,1705005.0,594749.0,465801.0,1060551.0,2014.0,0.0
261,Maharashtra,MH,S13,38,1.0,Shirdi,Shirdi,768181.0,694085.0,1462267.0,519824.0,412130.0,931954.0,2014.0,1.0
262,Maharashtra,MH,S13,39,1.0,Beed,Beed,963569.0,829083.0,1792652.0,680369.0,551091.0,1231460.0,2014.0,0.0
263,Maharashtra,MH,S13,40,1.0,Osmanabad,Osmanabad,934227.0,824943.0,1759186.0,611537.0,505020.0,1116572.0,2014.0,0.0
264,Maharashtra,MH,S13,41,1.0,Latur,Latur,902170.0,784780.0,1686957.0,576599.0,477934.0,1054533.0,2014.0,0.0
265,Maharashtra,MH,S13,42,1.0,Solapur,Solapur,893734.0,808990.0,1702739.0,526695.0,423356.0,950051.0,2014.0,0.0
266,Maharashtra,MH,S13,43,1.0,Madha,Madha,912715.0,814603.0,1727322.0,594868.0,483305.0,1078173.0,2014.0,0.0
267,Maharashtra,MH,S13,44,1.0,Sangli,Sangli,861582.0,787493.0,1649107.0,556695.0,486169.0,1042869.0,2014.0,0.0
268,Maharashtra,MH,S13,45,1.0,Satara,Satara,883947.0,836051.0,1719998.0,519148.0,456561.0,975709.0,2014.0,0.0
269,Maharashtra,MH,S13,46,1.0,Ratnagiri - sindhudurg,Ratnagiri - Sindhudurg,665658.0,701697.0,1367362.0,444269.0,451748.0,896017.0,2014.0,1.0
270,Maharashtra,MH,S13,47,1.0,Kolhapur,Kolhapur,909286.0,849002.0,1758293.0,663565.0,595421.0,1258986.0,2014.0,0.0
271,Maharashtra,MH,S13,48,1.0,Hatkanangle,Hatkanangle,850721.0,779846.0,1630604.0,630470.0,556249.0,1186727.0,2014.0,0.0
272,Manipur,MN,S14,1,2.0,Inner manipur ,Inner Manipur,417103.0,438257.0,855360.0,307043.0,334205.0,641248.0,2014.0,1.0
273,Manipur,MN,S14,2,2.0,Outer manipur,Outer Manipur,454314.0,464695.0,919009.0,379493.0,393746.0,773239.0,2014.0,1.0
274,Meghalaya,ML,S15,1,2.0,Shillong,Shillong,480409.0,500331.0,980740.0,292971.0,326895.0,619866.0,2014.0,1.0
275,Meghalaya,ML,S15,2,2.0,Tura,Tura,297230.0,289271.0,586501.0,232357.0,225763.0,458120.0,2014.0,1.0
276,Mizoram,MZ,S16,1,2.0,MIZORAM,Mizoram,346219.0,355951.0,702170.0,212673.0,213477.0,426150.0,2014.0,1.0
277,Nagaland,NL,S17,1,2.0,Nagaland,Nagaland,600518.0,582454.0,1182972.0,528703.0,510521.0,1039224.0,2014.0,1.0
278,Odisha,OD,S18,1,1.0,Bargarh,Bargarh,751140.0,679485.0,1430717.0,595871.0,526985.0,1122864.0,2014.0,1.0
279,Odisha,OD,S18,2,1.0,Sundargarh,Sundargarh,718689.0,691817.0,1410532.0,515013.0,493933.0,1008946.0,2014.0,1.0
280,Odisha,OD,S18,3,1.0,Sambalpur,Sambalpur,669036.0,627982.0,1297098.0,504240.0,476826.0,981068.0,2014.0,1.0
281,Odisha,OD,S18,4,1.0,Keonjhar,Kendujhar,691369.0,655285.0,1346683.0,550293.0,532437.0,1082730.0,2014.0,1.0
282,Odisha,OD,S18,5,1.0,Mayurbhanj,Mayurbhanj,670100.0,657438.0,1327555.0,522251.0,528655.0,1050906.0,2014.0,1.0
283,Odisha,OD,S18,6,1.0,Balasore,Baleshwar,709342.0,656857.0,1366218.0,531346.0,516773.0,1048119.0,2014.0,1.0
284,Odisha,OD,S18,7,1.0,Bhadrak,Bhadrak,774566.0,694893.0,1469498.0,537329.0,541995.0,1079324.0,2014.0,1.0
285,Odisha,OD,S18,8,1.0,Jajpur,Jajapur,696385.0,607337.0,1303733.0,522476.0,456676.0,979152.0,2014.0,1.0
286,Odisha,OD,S18,9,1.0,Dhenkanal,Dhenkanal,722329.0,641088.0,1363471.0,551212.0,488983.0,1040200.0,2014.0,1.0
287,Odisha,OD,S18,10,1.0,Bolangir,Bolangir,814968.0,747976.0,1563025.0,605683.0,563394.0,1169117.0,2014.0,0.0
288,Odisha,OD,S18,11,1.0,Kalahandi,Kalahandi,750694.0,723392.0,1474135.0,576088.0,539704.0,1115803.0,2014.0,1.0
289,Odisha,OD,S18,12,1.0,Nabarangpur,Nabarangapur,645875.0,651286.0,1297210.0,512473.0,509104.0,1021577.0,2014.0,1.0
290,Odisha,OD,S18,13,1.0,Kandhamal,Kandhamal,582340.0,561228.0,1143602.0,422515.0,416406.0,838921.0,2014.0,1.0
291,Odisha,OD,S18,14,1.0,Cuttack,Cuttack,731912.0,639680.0,1371617.0,522746.0,455864.0,978610.0,2014.0,1.0
292,Odisha,OD,S18,15,1.0,Kendrapara,Kendrapara,828491.0,726929.0,1555444.0,577477.0,558439.0,1135916.0,2014.0,0.0
293,Odisha,OD,S18,16,1.0,Jagatsinghpur,Jagatsinghpur,797923.0,701680.0,1499673.0,587440.0,544083.0,1131526.0,2014.0,1.0
294,Odisha,OD,S18,17,1.0,Puri,Puri,742939.0,661592.0,1404581.0,568551.0,469388.0,1037939.0,2014.0,1.0
295,Odisha,OD,S18,18,1.0,Bhubaneswar ,Bhubaneswar,835850.0,691665.0,1527768.0,485138.0,406314.0,891460.0,2014.0,1.0
296,Odisha,OD,S18,19,1.0,Aska,Aska,750999.0,657756.0,1408780.0,449644.0,446046.0,895690.0,2014.0,1.0
297,Odisha,OD,S18,20,1.0,Berhampur,Berhampur.,680089.0,654171.0,1334268.0,450468.0,454066.0,904534.0,2014.0,1.0
298,Odisha,OD,S18,21,1.0,Koraput,Koraput,629268.0,671019.0,1300437.0,485037.0,504205.0,989243.0,2014.0,1.0
299,Punjab,PB,S19,1,1.0,Gurdaspur,Gurdaspur,784477.0,715839.0,1500337.0,532763.0,509586.0,1042349.0,2014.0,1.0
300,Punjab,PB,S19,2,1.0,Amritsar,Amritsar,779164.0,698076.0,1477262.0,537622.0,469488.0,1007110.0,2014.0,1.0
301,Punjab,PB,S19,3,1.0,Khadoor Sahib,Khadoor Sahib,817134.0,746233.0,1563409.0,534962.0,505352.0,1040314.0,2014.0,0.0
302,Punjab,PB,S19,4,1.0,Jalandhar,Jalandhar,808530.0,742954.0,1551497.0,532265.0,508444.0,1040709.0,2014.0,0.0
303,Punjab,PB,S19,5,1.0,Hoshiarpur,Hoshiarpur,762065.0,723207.0,1485286.0,473084.0,487516.0,960600.0,2014.0,1.0
304,Punjab,PB,S19,6,1.0,Anandpur Sahib,Anandpur Sahib,817186.0,747512.0,1564721.0,554688.0,532346.0,1087034.0,2014.0,0.0
305,Punjab,PB,S19,7,1.0,Ludhiana,Ludhiana,835632.0,725551.0,1561201.0,601709.0,499984.0,1101693.0,2014.0,0.0
306,Punjab,PB,S19,8,1.0,Fatehgarh Sahib,Fatehgarh Sahib,740390.0,656554.0,1396957.0,551095.0,479741.0,1030836.0,2014.0,1.0
307,Punjab,PB,S19,9,1.0,Faridkot,Faridkot,768206.0,686848.0,1455075.0,547017.0,484634.0,1031651.0,2014.0,1.0
308,Punjab,PB,S19,10,1.0,Firozpur,Firozpur,808857.0,713236.0,1522111.0,590404.0,514569.0,1104973.0,2014.0,1.0
309,Punjab,PB,S19,11,1.0,Bathinda,Bathinda,813119.0,712156.0,1525289.0,626895.0,549533.0,1176428.0,2014.0,1.0
310,Punjab,PB,S19,12,1.0,Sangrur,Sangrur,758197.0,666535.0,1424743.0,583555.0,516181.0,1099736.0,2014.0,1.0
311,Punjab,PB,S19,13,1.0,Patiala,Patiala,834231.0,746037.0,1580273.0,593609.0,527264.0,1120873.0,2014.0,0.0
312,Rajasthan,RJ,S20,1,1.0,Ganganagar,Ganganagar,909749.0,808665.0,1718414.0,678212.0,573241.0,1251453.0,2014.0,0.0
313,Rajasthan,RJ,S20,2,1.0,Bikaner,Bikaner,847726.0,744629.0,1592355.0,526374.0,402281.0,928655.0,2014.0,0.0
314,Rajasthan,RJ,S20,3,1.0,Churu,Churu,928059.0,825765.0,1753825.0,598297.0,529280.0,1127578.0,2014.0,0.0
315,Rajasthan,RJ,S20,4,1.0,Jhunjhunu,Jhunjhunun,894068.0,803402.0,1697470.0,521812.0,479727.0,1001539.0,2014.0,0.0
316,Rajasthan,RJ,S20,5,1.0,Sikar,Sikar,943691.0,826191.0,1769882.0,552960.0,507618.0,1060578.0,2014.0,0.0
317,Rajasthan,RJ,S20,6,1.0,Jaipur Rural,Jaipur Rural,906858.0,793449.0,1700307.0,556476.0,452621.0,1009097.0,2014.0,0.0
318,Rajasthan,RJ,S20,7,1.0,Jaipur,Jaipur,1047469.0,910349.0,1957820.0,714851.0,578288.0,1293139.0,2014.0,0.0
319,Rajasthan,RJ,S20,8,1.0,Alwar,Alwar,870044.0,756398.0,1626442.0,585823.0,473846.0,1059669.0,2014.0,0.0
320,Rajasthan,RJ,S20,9,1.0,BHARATPUR,Bharatpur,910990.0,779714.0,1690705.0,547046.0,413081.0,960127.0,2014.0,0.0
321,Rajasthan,RJ,S20,10,1.0,KARAULI-DHOLPUR,Karauli - Dhaulpur,845548.0,703920.0,1549468.0,491202.0,353973.0,845175.0,2014.0,0.0
322,Rajasthan,RJ,S20,11,1.0,Dausa,Dausa,814648.0,709447.0,1524100.0,518917.0,409839.0,928756.0,2014.0,1.0
323,Rajasthan,RJ,S20,12,1.0,TONK-SAWAI MADHOPUR,Tonk - Sawai Madhopur,910730.0,800045.0,1710775.0,583732.0,459375.0,1043107.0,2014.0,0.0
324,Rajasthan,RJ,S20,13,1.0,Ajmer,Ajmer,869322.0,813938.0,1683261.0,613187.0,540384.0,1153571.0,2014.0,0.0
325,Rajasthan,RJ,S20,14,1.0,Nagaur,Nagaur,886728.0,791932.0,1678660.0,531452.0,469913.0,1001365.0,2014.0,0.0
326,Rajasthan,RJ,S20,15,1.0,Pali,Pali,998413.0,903678.0,1902094.0,578674.0,512314.0,1090988.0,2014.0,0.0
327,Rajasthan,RJ,S20,16,1.0,Jodhpur,Jodhpur,910621.0,817170.0,1727791.0,596225.0,475258.0,1071483.0,2014.0,0.0
328,Rajasthan,RJ,S20,17,1.0,Barmer,Barmer,896867.0,783282.0,1680152.0,653991.0,562013.0,1216004.0,2014.0,0.0
329,Rajasthan,RJ,S20,18,1.0,Jalore,Jalore,964046.0,860922.0,1824968.0,581247.0,506374.0,1087621.0,2014.0,0.0
330,Rajasthan,RJ,S20,19,1.0,Udaipur,Udaipur,930007.0,887933.0,1817940.0,599307.0,589859.0,1189166.0,2014.0,0.0
331,Rajasthan,RJ,S20,20,1.0,Banswara,Banswara,866441.0,831800.0,1698244.0,578240.0,590772.0,1169012.0,2014.0,0.0
332,Rajasthan,RJ,S20,21,1.0,Chittorgarh,Chittaurgarh,929217.0,890287.0,1819506.0,630617.0,539259.0,1169876.0,2014.0,0.0
333,Rajasthan,RJ,S20,22,1.0,Rajsamand,Rajsamand,880398.0,820791.0,1701194.0,506425.0,471078.0,977503.0,2014.0,0.0
334,Rajasthan,RJ,S20,23,1.0,Bhilwara,Bhilwara,904045.0,850856.0,1754901.0,580533.0,521628.0,1102161.0,2014.0,0.0
335,Rajasthan,RJ,S20,24,1.0,Kota,Kota,913387.0,831152.0,1744539.0,632156.0,518136.0,1150292.0,2014.0,0.0
336,Rajasthan,RJ,S20,25,1.0,JHALAWAR-BARAN,Jhalawar - Baran,868979.0,800865.0,1669844.0,635617.0,510625.0,1146242.0,2014.0,0.0
337,Sikkim,SK,S21,1,2.0,Sikkim,Sikkim,191017.0,179753.0,370770.0,153370.0,146197.0,299567.0,2014.0,1.0
338,Tamil Nadu,TN,S22,1,1.0,Thiruvallur,Tiruvallur,852794.0,849777.0,1702833.0,644387.0,609702.0,1254112.0,2014.0,0.0
339,Tamil Nadu,TN,S22,2,1.0,Chennai North,Chennai North,707700.0,714428.0,1422392.0,463981.0,445554.0,909539.0,2014.0,1.0
340,Tamil Nadu,TN,S22,3,1.0,Chennai South,Chennai South,901211.0,894252.0,1795776.0,556403.0,527433.0,1083847.0,2014.0,0.0
341,Tamil Nadu,TN,S22,4,1.0,Chennai central,Chennai Central,665282.0,662504.0,1328038.0,421903.0,392161.0,814079.0,2014.0,1.0
342,Tamil Nadu,TN,S22,5,1.0,Sriperumbudur,Sriperumbudur,982862.0,963377.0,1946503.0,665892.0,620230.0,1286127.0,2014.0,0.0
343,Tamil Nadu,TN,S22,6,1.0,Kancheepuram,Kancheepuram,736993.0,742956.0,1480123.0,572957.0,554099.0,1127056.0,2014.0,1.0
344,Tamil Nadu,TN,S22,7,1.0,Arakkonam,Arakkonam,693100.0,708671.0,1401813.0,543169.0,543863.0,1087042.0,2014.0,1.0
345,Tamil Nadu,TN,S22,8,1.0,Vellore,Vellore,652066.0,660173.0,1312259.0,483341.0,490341.0,973687.0,2014.0,1.0
346,Tamil Nadu,TN,S22,9,1.0,Krishnagiri,Krishnagiri,705468.0,674363.0,1379957.0,546295.0,522804.0,1069117.0,2014.0,1.0
347,Tamil Nadu,TN,S22,10,1.0,Dharmapuri,Dharmapuri,696496.0,661700.0,1358273.0,567657.0,533724.0,1101416.0,2014.0,1.0
348,Tamil Nadu,TN,S22,11,1.0,Tiruvannamalai,Tiruvannamalai,675321.0,677622.0,1352966.0,527265.0,536809.0,1064076.0,2014.0,1.0
349,Tamil Nadu,TN,S22,12,1.0,Arani,Arani,683921.0,685715.0,1369668.0,546222.0,546279.0,1092502.0,2014.0,1.0
350,Tamil Nadu,TN,S22,13,1.0,Viluppuram,Viluppuram,694932.0,691942.0,1387007.0,535359.0,528788.0,1064158.0,2014.0,1.0
351,Tamil Nadu,TN,S22,14,1.0,Kallakurichi,Kallakurichi,707219.0,705147.0,1412499.0,541221.0,562429.0,1103662.0,2014.0,1.0
352,Tamil Nadu,TN,S22,15,1.0,Salem,Salem,759981.0,738253.0,1498350.0,593293.0,555869.0,1149174.0,2014.0,1.0
353,Tamil Nadu,TN,S22,16,1.0,Namakkal,Namakkal,661113.0,668368.0,1329552.0,532212.0,526436.0,1058676.0,2014.0,1.0
354,Tamil Nadu,TN,S22,17,1.0,Erode,Erode,656661.0,664670.0,1321399.0,510564.0,495852.0,1006429.0,2014.0,1.0
355,Tamil Nadu,TN,S22,18,1.0,Tiruppur,Tiruppur,697730.0,677801.0,1375589.0,543168.0,505372.0,1048544.0,2014.0,1.0
356,Tamil Nadu,TN,S22,19,1.0,Nilgiris,Nilgiris,629707.0,639433.0,1269173.0,472256.0,458764.0,931024.0,2014.0,1.0
357,Tamil Nadu,TN,S22,20,1.0,Coimbatore,Coimbatore,869033.0,851127.0,1720221.0,608444.0,565861.0,1174312.0,2014.0,0.0
358,Tamil Nadu,TN,S22,21,1.0,Pollachi,Pollachi,686943.0,694524.0,1381505.0,513435.0,496880.0,1010321.0,2014.0,1.0
359,Tamil Nadu,TN,S22,22,1.0,Dindigul,Dindigul,696160.0,704264.0,1400531.0,538102.0,544003.0,1082129.0,2014.0,1.0
360,Tamil Nadu,TN,S22,23,1.0,Karur,Karur,641693.0,656598.0,1298322.0,510504.0,533334.0,1043857.0,2014.0,1.0
361,Tamil Nadu,TN,S22,24,1.0,Tiruchirappalli,Tiruchirappalli,689228.0,697829.0,1387140.0,490711.0,494904.0,985655.0,2014.0,1.0
362,Tamil Nadu,TN,S22,25,1.0,Perambalur,Perambalur,634391.0,651159.0,1285576.0,498647.0,528957.0,1027622.0,2014.0,1.0
363,Tamil Nadu,TN,S22,26,1.0,Cuddalore,Cuddalore,625652.0,622218.0,1247908.0,485201.0,497002.0,982208.0,2014.0,1.0
364,Tamil Nadu,TN,S22,27,1.0,Chidambaram ,Chidambaram,686862.0,679307.0,1366190.0,530346.0,556097.0,1086444.0,2014.0,1.0
365,Tamil Nadu,TN,S22,28,1.0,Mayiladuthurai,Mayiladuthurai,679940.0,670377.0,1350318.0,503104.0,520845.0,1023950.0,2014.0,1.0
366,Tamil Nadu,TN,S22,29,1.0,Nagapattinam ,Nagappattinam,606339.0,604280.0,1210626.0,452899.0,486855.0,939756.0,2014.0,1.0
367,Tamil Nadu,TN,S22,30,1.0,Thanjavur,Thanjavur,662571.0,677465.0,1340050.0,480904.0,528697.0,1009604.0,2014.0,1.0
368,Tamil Nadu,TN,S22,31,1.0,Sivaganga,Shivaganga,704489.0,707884.0,1412373.0,474734.0,551559.0,1026293.0,2014.0,1.0
369,Tamil Nadu,TN,S22,32,1.0,Madurai,Madurai,717175.0,724206.0,1441434.0,483389.0,490525.0,973940.0,2014.0,1.0
370,Tamil Nadu,TN,S22,33,1.0,Theni,Theni,720709.0,720492.0,1441302.0,528940.0,546154.0,1075107.0,2014.0,1.0
371,Tamil Nadu,TN,S22,34,1.0,Virudhunagar ,Virudunagar,669589.0,680818.0,1350495.0,496203.0,512880.0,1009119.0,2014.0,1.0
372,Tamil Nadu,TN,S22,35,1.0,Ramanathapuram,Ramanathapuram,731526.0,724382.0,1455988.0,465142.0,534167.0,999323.0,2014.0,1.0
373,Tamil Nadu,TN,S22,36,1.0,Thoothukkudi ,Thoothukkudi,651207.0,659197.0,1310406.0,448396.0,466414.0,914811.0,2014.0,1.0
374,Tamil Nadu,TN,S22,37,1.0,Tenkasi,Tenkasi,688958.0,693084.0,1382081.0,489624.0,525986.0,1015613.0,2014.0,1.0
375,Tamil Nadu,TN,S22,38,1.0,Tirunelveli,Tirunelveli,705592.0,714823.0,1420435.0,468701.0,492310.0,961013.0,2014.0,1.0
376,Tamil Nadu,TN,S22,39,1.0,Kanniyakumari,Kanniyakumari,743378.0,724348.0,1467796.0,488828.0,501284.0,990114.0,2014.0,1.0
377,Tripura,TR,S23,1,2.0,Tripura West,Tripura West,635974.0,612572.0,1248546.0,543278.0,523020.0,1066298.0,2014.0,1.0
378,Tripura,TR,S23,2,2.0,Tripura East,Tripura East,581604.0,558672.0,1140276.0,486129.0,459313.0,945442.0,2014.0,1.0
379,Uttar Pradesh,UP,S24,1,1.0,Saharanpur,Saharanpur,873318.0,735452.0,1608833.0,652595.0,540479.0,1193086.0,2014.0,0.0
380,Uttar Pradesh,UP,S24,2,1.0,Kairana,Kairana,840629.0,691073.0,1531767.0,617921.0,500278.0,1118199.0,2014.0,1.0
381,Uttar Pradesh,UP,S24,3,1.0,Muzaffarnagar,Muzaffarnagar,875179.0,713220.0,1588475.0,618042.0,484660.0,1102713.0,2014.0,0.0
382,Uttar Pradesh,UP,S24,4,1.0,Bijnor,Bijnor,848418.0,713587.0,1562081.0,575976.0,482184.0,1058170.0,2014.0,0.0
383,Uttar Pradesh,UP,S24,5,1.0,Nagina,Nagina,795562.0,697765.0,1493419.0,484049.0,458292.0,942349.0,2014.0,1.0
384,Uttar Pradesh,UP,S24,6,1.0,Moradabad,Moradabad,961935.0,810050.0,1771985.0,626722.0,499370.0,1126092.0,2014.0,0.0
385,Uttar Pradesh,UP,S24,7,1.0,Rampur,Rampur,872075.0,744534.0,1616972.0,528149.0,430146.0,958303.0,2014.0,0.0
386,Uttar Pradesh,UP,S24,8,1.0,Sambhal,Sambhal,931603.0,761516.0,1693229.0,599491.0,456319.0,1055817.0,2014.0,0.0
387,Uttar Pradesh,UP,S24,9,1.0,Amroha,Amroha,829444.0,714712.0,1544245.0,589753.0,505978.0,1095731.0,2014.0,0.0
388,Uttar Pradesh,UP,S24,10,1.0,Meerut,Meerut,971956.0,792318.0,1764388.0,631761.0,479781.0,1111542.0,2014.0,0.0
389,Uttar Pradesh,UP,S24,11,1.0,Baghpat,Baghpat,850681.0,654413.0,1505175.0,582431.0,421180.0,1003611.0,2014.0,1.0
390,Uttar Pradesh,UP,S24,12,1.0,Ghaziabad,Ghaziabad,1333055.0,1024455.0,2357553.0,781962.0,559856.0,1341818.0,2014.0,0.0
391,Uttar Pradesh,UP,S24,13,1.0,Gautam Buddha Nagar,Gautam Buddha Nagar,1105732.0,880377.0,1986109.0,707052.0,491342.0,1198394.0,2014.0,0.0
392,Uttar Pradesh,UP,S24,14,1.0,Bulandshahr,Bulandshahr,930827.0,805499.0,1736436.0,549613.0,459467.0,1009095.0,2014.0,0.0
393,Uttar Pradesh,UP,S24,15,1.0,Aligarh,Aligarh,965995.0,827010.0,1793126.0,596880.0,467715.0,1064597.0,2014.0,0.0
394,Uttar Pradesh,UP,S24,16,1.0,Hathras,Hathras,969908.0,788925.0,1758927.0,596865.0,452373.0,1049240.0,2014.0,0.0
395,Uttar Pradesh,UP,S24,17,1.0,Mathura,Mathura,931944.0,750142.0,1682260.0,619776.0,457879.0,1077656.0,2014.0,0.0
396,Uttar Pradesh,UP,S24,18,1.0,Agra,Agra,1003777.0,810896.0,1814739.0,621497.0,448004.0,1069503.0,2014.0,0.0
397,Uttar Pradesh,UP,S24,19,1.0,Fatehpur Sikri,Fatehpur Sikri,877271.0,703267.0,1580582.0,565514.0,401637.0,967152.0,2014.0,0.0
398,Uttar Pradesh,UP,S24,20,1.0,Firozabad,Firozabad,902532.0,734206.0,1636738.0,643026.0,461542.0,1104568.0,2014.0,0.0
399,Uttar Pradesh,UP,S24,21,1.0,Mainpuri,Mainpuri,900568.0,752461.0,1653058.0,579581.0,418952.0,998538.0,2014.0,0.0
400,Uttar Pradesh,UP,S24,22,1.0,Etah,Etah,856985.0,720450.0,1577457.0,520186.0,405831.0,926017.0,2014.0,0.0
401,Uttar Pradesh,UP,S24,23,1.0,Badaun,Budaun,978040.0,791044.0,1769145.0,595106.0,431771.0,1026884.0,2014.0,0.0
402,Uttar Pradesh,UP,S24,24,1.0,Aonla,Aonla,917053.0,736487.0,1653577.0,572213.0,422483.0,994700.0,2014.0,0.0
403,Uttar Pradesh,UP,S24,25,1.0,Bareilly,Bareilly,911264.0,752773.0,1664081.0,574826.0,441899.0,1016728.0,2014.0,0.0
404,Uttar Pradesh,UP,S24,26,1.0,Pilibhit,Pilibhit,903414.0,767687.0,1671154.0,586095.0,464229.0,1050342.0,2014.0,0.0
405,Uttar Pradesh,UP,S24,27,1.0,Shahjahanpur ,Shahjahanpur,1100020.0,879139.0,1979294.0,663380.0,464707.0,1128087.0,2014.0,0.0
406,Uttar Pradesh,UP,S24,28,1.0,Kheri,Kheri,904863.0,774542.0,1679466.0,606219.0,471614.0,1077848.0,2014.0,0.0
407,Uttar Pradesh,UP,S24,29,1.0,Dhaurahra,Dhaurahra,846798.0,711151.0,1558041.0,605084.0,454769.0,1059867.0,2014.0,0.0
408,Uttar Pradesh,UP,S24,30,1.0,Sitapur,Sitapur,838148.0,712053.0,1550263.0,581709.0,444625.0,1026334.0,2014.0,0.0
409,Uttar Pradesh,UP,S24,31,1.0,Hardoi,Hardoi,939831.0,774501.0,1714388.0,565516.0,407349.0,972865.0,2014.0,0.0
410,Uttar Pradesh,UP,S24,32,1.0,Misrikh,Misrikh,948316.0,777207.0,1725589.0,574416.0,423674.0,998090.0,2014.0,0.0
411,Uttar Pradesh,UP,S24,33,1.0,Unnao,Unnao,1194394.0,969919.0,2164392.0,673666.0,526266.0,1199936.0,2014.0,0.0
412,Uttar Pradesh,UP,S24,34,1.0,Mohanlalganj,Mohanlalganj,995313.0,842841.0,1838194.0,637851.0,476997.0,1114848.0,2014.0,0.0
413,Uttar Pradesh,UP,S24,35,1.0,Lucknow,Lucknow,1052171.0,897693.0,1949956.0,580513.0,450547.0,1031060.0,2014.0,0.0
414,Uttar Pradesh,UP,S24,36,1.0,Rae Bareli,Rae Bareli,857875.0,737017.0,1594954.0,437762.0,387368.0,825130.0,2014.0,0.0
415,Uttar Pradesh,UP,S24,37,1.0,Amethi,Amethi,890648.0,779148.0,1669843.0,461524.0,413341.0,874865.0,2014.0,0.0
416,Uttar Pradesh,UP,S24,38,1.0,Sultanpur,Sultanpur,910134.0,793521.0,1703698.0,499563.0,465648.0,965211.0,2014.0,0.0
417,Uttar Pradesh,UP,S24,39,1.0,Pratapgarh,Pratapgarh,923411.0,792852.0,1716394.0,454891.0,437808.0,892732.0,2014.0,0.0
418,Uttar Pradesh,UP,S24,40,1.0,Farrukhabad,Farrukhabad,891793.0,721921.0,1613781.0,560618.0,409931.0,970549.0,2014.0,0.0
419,Uttar Pradesh,UP,S24,41,1.0,Etawah,Etawah,938271.0,768913.0,1707237.0,529547.0,408334.0,937881.0,2014.0,0.0
420,Uttar Pradesh,UP,S24,42,1.0,Kannauj,Kannauj,1000035.0,808799.0,1808886.0,629125.0,484744.0,1113869.0,2014.0,0.0
421,Uttar Pradesh,UP,S24,43,1.0,Kanpur,Kanpur,889344.0,721802.0,1611248.0,485562.0,349156.0,834718.0,2014.0,0.0
422,Uttar Pradesh,UP,S24,44,1.0,Akbarpur,Akbarpur,977669.0,790872.0,1768635.0,559566.0,411414.0,970980.0,2014.0,0.0
423,Uttar Pradesh,UP,S24,45,1.0,Jalaun,Jalaun,1037570.0,849595.0,1887189.0,632802.0,476033.0,1108846.0,2014.0,0.0
424,Uttar Pradesh,UP,S24,46,1.0,Jhansi,Jhansi,1034112.0,897888.0,1932052.0,734228.0,586213.0,1320441.0,2014.0,0.0
425,Uttar Pradesh,UP,S24,47,1.0,Hamirpur,Hamirpur,949328.0,788636.0,1737993.0,550111.0,427480.0,977593.0,2014.0,0.0
426,Uttar Pradesh,UP,S24,48,1.0,Banda,Banda,884779.0,717011.0,1601855.0,473933.0,384301.0,858234.0,2014.0,0.0
427,Uttar Pradesh,UP,S24,49,1.0,Fatehpur,Fatehpur,985898.0,818821.0,1804753.0,574629.0,481306.0,1055940.0,2014.0,0.0
428,Uttar Pradesh,UP,S24,50,1.0,Kaushambi,Kaushambi,954848.0,783372.0,1738509.0,491070.0,418758.0,909828.0,2014.0,0.0
429,Uttar Pradesh,UP,S24,51,1.0,Phulpur,Phulpur,1063897.0,849194.0,1913275.0,541264.0,418152.0,959420.0,2014.0,0.0
430,Uttar Pradesh,UP,S24,52,1.0,Allahabad,Allahabad,917403.0,749001.0,1666569.0,506755.0,384075.0,890833.0,2014.0,0.0
431,Uttar Pradesh,UP,S24,53,1.0,Barabanki,Barabanki,925944.0,795265.0,1721278.0,611146.0,457015.0,1068161.0,2014.0,0.0
432,Uttar Pradesh,UP,S24,54,1.0,Faizabad,Faizabad,936036.0,802604.0,1738701.0,558076.0,464473.0,1022558.0,2014.0,0.0
433,Uttar Pradesh,UP,S24,55,1.0,Ambedkar Nagar,Ambedkar Nagar,923552.0,795143.0,1718774.0,541195.0,493159.0,1034355.0,2014.0,0.0
434,Uttar Pradesh,UP,S24,56,1.0,Bahraich,Bahraich,882643.0,755897.0,1638640.0,522529.0,411550.0,934081.0,2014.0,0.0
435,Uttar Pradesh,UP,S24,57,1.0,Kaiserganj,Kaisarganj,928269.0,783633.0,1711967.0,527027.0,415386.0,942413.0,2014.0,0.0
436,Uttar Pradesh,UP,S24,58,1.0,Shrawasti,Shrawasti,976415.0,811613.0,1788080.0,559351.0,420598.0,979951.0,2014.0,0.0
437,Uttar Pradesh,UP,S24,59,1.0,Gonda,Gonda,935167.0,775608.0,1710825.0,487483.0,384938.0,872422.0,2014.0,0.0
438,Uttar Pradesh,UP,S24,60,1.0,Domariyaganj ,Domriaganj,961957.0,799313.0,1761415.0,490089.0,444938.0,935027.0,2014.0,0.0
439,Uttar Pradesh,UP,S24,61,1.0,Basti,Basti,962508.0,824831.0,1787476.0,549704.0,498809.0,1048521.0,2014.0,0.0
440,Uttar Pradesh,UP,S24,62,1.0,Sant Kabir Nagar,Sant Kabir Nagar,1045424.0,858808.0,1904315.0,521201.0,490916.0,1012117.0,2014.0,0.0
441,Uttar Pradesh,UP,S24,63,1.0,Maharajganj,Maharajganj,946234.0,796767.0,1743131.0,549757.0,510481.0,1060238.0,2014.0,0.0
442,Uttar Pradesh,UP,S24,64,1.0,Gorakhpur,Gorakhpur,1055209.0,848621.0,1903988.0,582909.0,457008.0,1039934.0,2014.0,0.0
443,Uttar Pradesh,UP,S24,65,1.0,Kushi Nagar,Kushi Nagar,930637.0,750240.0,1680992.0,505771.0,444293.0,950064.0,2014.0,0.0
444,Uttar Pradesh,UP,S24,66,1.0,Deoria,Deoria,997314.0,809319.0,1806926.0,508083.0,462357.0,970443.0,2014.0,0.0
445,Uttar Pradesh,UP,S24,67,1.0,Bansgaon,Bansgaon,980235.0,779762.0,1760090.0,459714.0,417437.0,877152.0,2014.0,0.0
446,Uttar Pradesh,UP,S24,68,1.0,Lalganj,Lalganj,906738.0,754613.0,1661470.0,456872.0,441988.0,898860.0,2014.0,0.0
447,Uttar Pradesh,UP,S24,69,1.0,Azamgarh,Azamgarh,941447.0,761573.0,1703121.0,504375.0,455380.0,959755.0,2014.0,0.0
448,Uttar Pradesh,UP,S24,70,1.0,Ghosi,Ghosi,1040033.0,850934.0,1891112.0,547380.0,492131.0,1039511.0,2014.0,0.0
449,Uttar Pradesh,UP,S24,71,1.0,Salempur,Salempur,904632.0,756980.0,1661737.0,450187.0,404269.0,854457.0,2014.0,0.0
450,Uttar Pradesh,UP,S24,72,1.0,Ballia,Ballia,973384.0,794830.0,1768271.0,517773.0,423406.0,941182.0,2014.0,0.0
451,Uttar Pradesh,UP,S24,73,1.0,Jaunpur,Jaunpur,1002938.0,845831.0,1848842.0,527140.0,479177.0,1006317.0,2014.0,0.0
452,Uttar Pradesh,UP,S24,74,1.0,Machhlishahr ,Machhlishahr,1026789.0,865121.0,1891969.0,512798.0,483995.0,996793.0,2014.0,0.0
453,Uttar Pradesh,UP,S24,75,1.0,Ghazipur,Ghazipur,983352.0,818105.0,1801519.0,528986.0,457272.0,986259.0,2014.0,0.0
454,Uttar Pradesh,UP,S24,76,1.0,Chandauli,Chandauli,887892.0,705123.0,1593133.0,545894.0,433978.0,979873.0,2014.0,0.0
455,Uttar Pradesh,UP,S24,77,1.0,Varanasi,Varanasi,985395.0,781000.0,1766487.0,593071.0,436735.0,1029816.0,2014.0,0.0
456,Uttar Pradesh,UP,S24,78,1.0,Bhadohi,Sant Ravi Das Nagar (Bhadohi),1016000.0,818442.0,1834598.0,527390.0,454368.0,981760.0,2014.0,0.0
457,Uttar Pradesh,UP,S24,79,1.0,Mirzapur,Mirzapur,938504.0,782028.0,1720661.0,557612.0,449962.0,1007581.0,2014.0,0.0
458,Uttar Pradesh,UP,S24,80,1.0,Robertsganj,Robertsganj,901147.0,737885.0,1639074.0,498085.0,387542.0,885628.0,2014.0,0.0
459,West Bengal,WB,S25,1,1.0,Cooch behar,Koch Bihar,848641.0,764757.0,1613403.0,687125.0,642008.0,1329133.0,2014.0,0.0
460,West Bengal,WB,S25,2,1.0,Alipurduars,Alipurduars,755765.0,715138.0,1470911.0,619392.0,603041.0,1222433.0,2014.0,1.0
461,West Bengal,WB,S25,3,1.0,Jalpaiguri,Jalpaiguri,795704.0,735760.0,1531469.0,675989.0,625242.0,1301231.0,2014.0,1.0
462,West Bengal,WB,S25,4,1.0,Darjeeling,Darjiling,737062.0,700062.0,1437154.0,587016.0,553877.0,1140907.0,2014.0,1.0
463,West Bengal,WB,S25,5,1.0,Raiganj,Raiganj,724014.0,663479.0,1387526.0,563566.0,543020.0,1106586.0,2014.0,1.0
464,West Bengal,WB,S25,6,1.0,Balurghat,Balurghat,653841.0,600646.0,1254497.0,548053.0,513027.0,1061080.0,2014.0,1.0
465,West Bengal,WB,S25,7,1.0,Maldaha Uttar ,Maldah Uttar,740749.0,684660.0,1425428.0,578561.0,582591.0,1161152.0,2014.0,1.0
466,West Bengal,WB,S25,8,1.0,Maldaha Dakshin,Maldah Dakshin,692386.0,654741.0,1347143.0,545088.0,544292.0,1089380.0,2014.0,1.0
467,West Bengal,WB,S25,9,1.0,Jangipur,Jangipur,714890.0,676753.0,1391656.0,559290.0,559068.0,1118358.0,2014.0,1.0
468,West Bengal,WB,S25,10,1.0,Baharampur,Baharampur,752943.0,700833.0,1453783.0,584203.0,569867.0,1154070.0,2014.0,1.0
469,West Bengal,WB,S25,11,1.0,Murshidabad,Murshidabad,782480.0,729615.0,1512098.0,653122.0,635049.0,1288171.0,2014.0,1.0
470,West Bengal,WB,S25,12,1.0,Krishnanagar ,Krishnanagar,769981.0,706791.0,1476783.0,638727.0,607902.0,1246629.0,2014.0,1.0
471,West Bengal,WB,S25,13,1.0,Ranaghat,Ranaghat,831318.0,771515.0,1602849.0,691141.0,658049.0,1349190.0,2014.0,0.0
472,West Bengal,WB,S25,14,1.0,Bangaon,Bangaon,796650.0,744053.0,1540713.0,653011.0,627517.0,1280528.0,2014.0,0.0
473,West Bengal,WB,S25,15,1.0,Barrackpore,Barakpur,682366.0,604844.0,1287222.0,567286.0,481436.0,1048722.0,2014.0,1.0
474,West Bengal,WB,S25,16,1.0,Dum dum,Dum Dum,715569.0,690401.0,1405981.0,590114.0,539290.0,1129404.0,2014.0,1.0
475,West Bengal,WB,S25,17,1.0,Barasat,Barasat,774305.0,738463.0,1512792.0,669359.0,596363.0,1265746.0,2014.0,1.0
476,West Bengal,WB,S25,18,1.0,Basirhat,Basirhat,777768.0,712812.0,1490596.0,677047.0,595849.0,1272897.0,2014.0,1.0
477,West Bengal,WB,S25,19,1.0,Joynagar,Jaynagar,757902.0,700787.0,1458724.0,633029.0,555516.0,1188545.0,2014.0,1.0
478,West Bengal,WB,S25,20,1.0,Mathurapur,Mathurapur,772277.0,716496.0,1488785.0,662025.0,607691.0,1269716.0,2014.0,1.0
479,West Bengal,WB,S25,21,1.0,Diamond harbour,Diamond Harbour,816259.0,739631.0,1555914.0,682840.0,577412.0,1260252.0,2014.0,0.0
480,West Bengal,WB,S25,22,1.0,Jadavpur,Jadavpur,811441.0,784269.0,1595746.0,666829.0,605165.0,1271994.0,2014.0,0.0
481,West Bengal,WB,S25,23,1.0,Kolkata Dakshin,Kolkata Dakshin,890251.0,795037.0,1685296.0,626618.0,540007.0,1166625.0,2014.0,0.0
482,West Bengal,WB,S25,24,1.0,Kolkata Uttar,Kolkata Uttar,797437.0,636542.0,1433985.0,534806.0,419974.0,954783.0,2014.0,1.0
483,West Bengal,WB,S25,25,1.0,Howrah,Haora,802653.0,702441.0,1505099.0,621808.0,503224.0,1125035.0,2014.0,1.0
484,West Bengal,WB,S25,26,1.0,Uluberia,Uluberiya,761951.0,686678.0,1448632.0,629091.0,557334.0,1186425.0,2014.0,1.0
485,West Bengal,WB,S25,27,1.0,Srerampur,Shrirampur,847931.0,776093.0,1624038.0,680999.0,608386.0,1289387.0,2014.0,0.0
486,West Bengal,WB,S25,28,1.0,Hooghly,Hugli,836584.0,793445.0,1630042.0,696614.0,650941.0,1347556.0,2014.0,0.0
487,West Bengal,WB,S25,29,1.0,Arambagh,Arambag,833629.0,766658.0,1600293.0,707257.0,654127.0,1361384.0,2014.0,0.0
488,West Bengal,WB,S25,30,1.0,Tamluk,Tamluk,796779.0,730482.0,1527273.0,684160.0,650897.0,1335058.0,2014.0,1.0
489,West Bengal,WB,S25,31,1.0,Kanthi,Kanthi,777345.0,713061.0,1490409.0,663897.0,626338.0,1290235.0,2014.0,1.0
490,West Bengal,WB,S25,32,1.0,Ghatal,Ghatal,835803.0,774672.0,1610489.0,690945.0,675066.0,1366019.0,2014.0,0.0
491,West Bengal,WB,S25,33,1.0,Jhargram,Jhargram,753841.0,721269.0,1475112.0,645909.0,610427.0,1256336.0,2014.0,1.0
492,West Bengal,WB,S25,34,1.0,Medinipur,Medinipur,770363.0,729306.0,1499673.0,647452.0,613326.0,1260778.0,2014.0,1.0
493,West Bengal,WB,S25,35,1.0,Purulia,Puruliya,764758.0,707169.0,1471933.0,627261.0,574047.0,1201309.0,2014.0,1.0
494,West Bengal,WB,S25,36,1.0,Bankura,Bankura,775893.0,727919.0,1503812.0,644501.0,590353.0,1234854.0,2014.0,1.0
495,West Bengal,WB,S25,37,1.0,Bishnupur,Bishnupur,759317.0,707604.0,1466921.0,667023.0,603708.0,1270731.0,2014.0,1.0
496,West Bengal,WB,S25,38,1.0,Bardhaman Purba,Barddhaman Purba,795545.0,736693.0,1532244.0,682635.0,637516.0,1320152.0,2014.0,1.0
497,West Bengal,WB,S25,39,1.0,Burdwan - durgapur,Barddhaman - Durgapur,821377.0,762111.0,1583495.0,700025.0,629761.0,1329789.0,2014.0,0.0
498,West Bengal,WB,S25,40,1.0,Asansol,Asansol,791896.0,677774.0,1469684.0,633286.0,509230.0,1142518.0,2014.0,1.0
499,West Bengal,WB,S25,41,1.0,Bolpur,Bolpur,798378.0,740033.0,1538421.0,682036.0,621426.0,1303462.0,2014.0,0.0
500,West Bengal,WB,S25,42,1.0,Birbhum,Birbhum,773438.0,721641.0,1495089.0,669860.0,605076.0,1274936.0,2014.0,1.0
501,Chhattisgarh,CT,S26,1,1.0,SARGUJA,Surguja,771106.0,751862.0,1523022.0,610812.0,576493.0,1187305.0,2014.0,1.0
502,Chhattisgarh,CT,S26,2,1.0,RAIGARH,Raigarh,819043.0,807906.0,1626949.0,631470.0,614665.0,1246135.0,2014.0,0.0
503,Chhattisgarh,CT,S26,3,1.0,JANJGIR-CHAMPA,Janjgir-Champa,895884.0,848077.0,1744201.0,558932.0,514393.0,1073325.0,2014.0,0.0
504,Chhattisgarh,CT,S26,4,1.0,KORBA,Korba,729951.0,693664.0,1423729.0,545187.0,506882.0,1052069.0,2014.0,1.0
505,Chhattisgarh,CT,S26,5,1.0,BILASPUR,Bilaspur,891316.0,837889.0,1729229.0,573078.0,516910.0,1089988.0,2014.0,0.0
506,Chhattisgarh,CT,S26,6,1.0,RAJNANDGAON,Rajnandgaon,797477.0,793896.0,1591373.0,603428.0,574874.0,1178302.0,2014.0,0.0
507,Chhattisgarh,CT,S26,7,1.0,DURG,Durg,948929.0,909771.0,1858922.0,661165.0,597929.0,1259094.0,2014.0,0.0
508,Chhattisgarh,CT,S26,8,1.0,RAIPUR,Raipur,979589.0,924588.0,1904460.0,659154.0,591606.0,1250760.0,2014.0,0.0
509,Chhattisgarh,CT,S26,9,1.0,MAHASAMUND,Mahasamund,757694.0,758435.0,1516177.0,576664.0,554172.0,1130836.0,2014.0,1.0
510,Chhattisgarh,CT,S26,10,1.0,BASTAR,Bastar,632842.0,665241.0,1298083.0,386189.0,383710.0,769899.0,2014.0,1.0
511,Chhattisgarh,CT,S26,11,1.0,KANKER,Kanker,722916.0,725459.0,1448375.0,515715.0,500911.0,1016626.0,2014.0,1.0
512,Jharkhand,JH,S27,1,1.0,Rajmahal,Rajmahal,691403.0,662063.0,1353467.0,490824.0,460471.0,951295.0,2014.0,1.0
513,Jharkhand,JH,S27,2,1.0,Dumka,Dumka,658403.0,614641.0,1273049.0,466619.0,435895.0,902514.0,2014.0,1.0
514,Jharkhand,JH,S27,3,1.0,Godda,Godda,840396.0,750375.0,1590772.0,549854.0,499254.0,1049108.0,2014.0,0.0
515,Jharkhand,JH,S27,4,1.0,Chatra,Chatra,696501.0,616060.0,1312562.0,383214.0,329747.0,712961.0,2014.0,1.0
516,Jharkhand,JH,S27,5,1.0,Kodarma,Kodarma,870003.0,769641.0,1639645.0,535308.0,489593.0,1024901.0,2014.0,0.0
517,Jharkhand,JH,S27,6,1.0,Giridih,Giridih,811587.0,700052.0,1511644.0,531982.0,439241.0,971223.0,2014.0,1.0
518,Jharkhand,JH,S27,7,1.0,Dhanbad,Dhanbad,1032038.0,857981.0,1890021.0,642557.0,501332.0,1143889.0,2014.0,0.0
519,Jharkhand,JH,S27,8,1.0,Ranchi,Ranchi,868528.0,779930.0,1648459.0,562384.0,487221.0,1049605.0,2014.0,0.0
520,Jharkhand,JH,S27,9,1.0,Jamshedpur,Jamshedpur,811632.0,770030.0,1581665.0,548089.0,501033.0,1049122.0,2014.0,0.0
521,Jharkhand,JH,S27,10,1.0,Singhbhum,Singhbhum,583330.0,569300.0,1152632.0,403571.0,391653.0,795224.0,2014.0,1.0
522,Jharkhand,JH,S27,11,1.0,Khunti,Khunti,565457.0,546398.0,1111856.0,373314.0,364162.0,737476.0,2014.0,1.0
523,Jharkhand,JH,S27,12,1.0,Lohardaga,Lohardaga,578880.0,540264.0,1119144.0,333825.0,317508.0,651333.0,2014.0,1.0
524,Jharkhand,JH,S27,13,1.0,Palamau,Palamu,889932.0,756024.0,1645957.0,523108.0,453494.0,976602.0,2014.0,0.0
525,Jharkhand,JH,S27,14,1.0,Hazaribagh,Hazaribagh,812554.0,706367.0,1518923.0,515052.0,452228.0,967280.0,2014.0,1.0
526,Uttarakhand,UK,S28,1,2.0,Tehri Garhwal ,Tehri Garhwal,711671.0,640943.0,1352614.0,400041.0,370827.0,770868.0,2014.0,1.0
527,Uttarakhand,UK,S28,2,2.0,Garhwal,Garhwal,651868.0,615350.0,1267218.0,320955.0,357047.0,678002.0,2014.0,1.0
528,Uttarakhand,UK,S28,3,2.0,Almora,Almora,639362.0,614162.0,1253541.0,316094.0,339409.0,655504.0,2014.0,1.0
529,Uttarakhand,UK,S28,4,2.0,Nainital-udhamsingh Nagar,Nainital - Udhamsingh Nagar,857782.0,753029.0,1610811.0,589435.0,509910.0,1099345.0,2014.0,0.0
530,Uttarakhand,UK,S28,5,2.0,Hardwar,Hardwar,888328.0,754505.0,1642873.0,637480.0,535871.0,1173352.0,2014.0,0.0
531,Andaman & Nicobar Islands,AD,U01,1,2.0,Andaman & Nicobar Islands,Andaman & Nicobar Islands,142783.0,126577.0,269360.0,101129.0,89084.0,190213.0,2014.0,1.0
532,Chandigarh,CH,U02,1,2.0,CHANDIGARH,Chandigarh,333621.0,281593.0,615214.0,244907.0,208415.0,453322.0,2014.0,1.0
533,Dadra & Nagar Haveli,DN,U03,1,2.0,Dadar & Nagar Haveli,Dadra & Nagar Haveli,106203.0,90394.0,196597.0,87792.0,77494.0,165286.0,2014.0,1.0
534,Daman & Diu,DD,U04,1,2.0,Daman & diu,Daman & Diu,57011.0,54816.0,111827.0,42355.0,44873.0,87228.0,2014.0,1.0
535,NCT OF Delhi,DL,U05,1,2.0,CHANDNI CHOWK,Chandni Chowk,791318.0,655854.0,1447230.0,548427.0,431342.0,979790.0,2014.0,1.0
536,NCT OF Delhi,DL,U05,2,2.0,NORTH EAST DELHI,North East Delhi,1079407.0,878183.0,1957708.0,738979.0,574789.0,1313796.0,2014.0,0.0
537,NCT OF Delhi,DL,U05,3,2.0,EAST DELHI,East Delhi,1023325.0,806102.0,1829578.0,676930.0,518463.0,1195428.0,2014.0,0.0
538,NCT OF Delhi,DL,U05,4,2.0,NEW DELHI,New Delhi,830322.0,659749.0,1490147.0,545628.0,422884.0,968519.0,2014.0,1.0
539,NCT OF Delhi,DL,U05,5,2.0,NORTH WEST DELHI,North West Delhi,1212516.0,981633.0,2194343.0,757777.0,595362.0,1353181.0,2014.0,0.0
540,NCT OF Delhi,DL,U05,6,2.0,WEST DELHI,West Delhi,1108886.0,930409.0,2039410.0,742213.0,603424.0,1345645.0,2014.0,0.0
541,NCT OF Delhi,DL,U05,7,2.0,SOUTH DELHI,South Delhi,1005299.0,747322.0,1752748.0,639042.0,462222.0,1101277.0,2014.0,0.0
542,Lakshadweep,LK,U06,1,2.0,Lakshadweep ,Lakshadweep,25433.0,24489.0,49922.0,21584.0,21655.0,43239.0,2014.0,1.0
543,Puducherry,PY,U07,1,2.0,Puducherry,Puducherry,432048.0,469289.0,901357.0,351544.0,388189.0,739750.0,2014.0,1.0
544,,,,-1,,,,,,,,,,,1.0
